{"cameraMode":{"drawMode":0,"name":"Shaded","section":"Shading Mode"},"sceneLighting":true,"audioPlay":false,"sceneViewState":{"m_AlwaysRefresh":false,"showFog":true,"showSkybox":true,"showFlares":true,"showImageEffects":true,"showParticleSystems":true,"showVisualEffectGraphs":true,"m_FxEnabled":true},"in2DMode":false,"pivot":{"x":-0.26834073662757876,"y":1.407861590385437,"z":0.8661021590232849},"rotation":{"x":-0.015575054101645947,"y":-0.9765081405639648,"z":0.05847445875406265,"w":-0.20682652294635774},"size":0.09245739877223969,"orthographic":false}