{"cameraMode":{"drawMode":0,"name":"Shaded","section":"Shading Mode"},"sceneLighting":true,"audioPlay":false,"sceneViewState":{"m_AlwaysRefresh":false,"showFog":true,"showSkybox":true,"showFlares":true,"showImageEffects":true,"showParticleSystems":true,"showVisualEffectGraphs":true,"m_FxEnabled":true},"in2DMode":false,"pivot":{"x":6.1034345626831059,"y":-4.186207294464111,"z":-24.172739028930665},"rotation":{"x":0.016556035727262498,"y":0.9864152669906616,"z":-0.1070363000035286,"w":0.12442076206207276},"size":13.608617782592774,"orthographic":false}