{"cameraMode":{"drawMode":0,"name":"Shaded","section":"Shading Mode"},"sceneLighting":false,"audioPlay":false,"sceneViewState":{"m_AlwaysRefresh":false,"showFog":true,"showSkybox":false,"showFlares":true,"showImageEffects":true,"showParticleSystems":true,"showVisualEffectGraphs":true,"m_FxEnabled":true},"in2DMode":false,"pivot":{"x":0.00020262598991394043,"y":0.012708181515336037,"z":-0.0729999989271164},"rotation":{"x":0.13996778428554536,"y":0.8631126880645752,"z":-0.34800609946250918,"w":0.3383176028728485},"size":0.5638490319252014,"orthographic":false}